,id,num
0,c2110111597161952/,114
1,c2110115377016126/,80
2,c2110115187486483/,203
3,c2110343238336996/,53
4,c2110343238860955/,91
5,c2117909657382306/,114
6,c2110343238860931/,59
7,c2111103317141/,118
8,c2110343238861228/,133
9,c2111103317784/,32
10,c2111159613223470/,106
11,c2113688809468506/,106
12,c2110343238861023/,81
13,c2111103316550/,22
14,c2110343238337395/,105
15,c2110343238599043/,277
16,c2111103317968/,63
17,c2110113186803606/,261
18,c2111103317997/,265
19,c2111131336535659/,235
20,c2110343238861402/,87
21,c2113827105392819/,123
22,c2111103319031/,80
23,c2114396164681425/,130
24,c2110343238599472/,210
25,c2110343238861660/,111
26,c2110343238337410/,71
27,c2116932662161006/,43
28,c2110343238337359/,37
29,c219686972903772/,146
30,c2110343238336894/,52
31,c2110343238861406/,55
32,c2110343238598861/,126
33,c2111103317030/,142
34,c2111103316906/,53
35,c2120031324025971/,89
36,c2110343239122990/,43
37,c2110343238861609/,35
38,c2110343238861057/,26
39,c2110343239123008/,366
40,c2111103317754/,41
41,c2111103316769/,70
42,c2111103317220/,103
43,c2111103317581/,55
44,c2110157066825437/,69
45,c2111103317122/,76
46,c2110343238861212/,8
47,c2120022414782344/,329
48,c2110343238336681/,84
49,c2110343238337527/,183
50,c2110343238860954/,50
51,c2110343238598956/,37
52,c2111103319238/,8
53,c2113332297821843/,17
54,c2110343238336684/,48
55,c2113310190955572/,112
56,c2113331537867108/,70
57,c2120025176849669/,66
58,c2120031361777679/,11
59,c2110343238599347/,101
60,c2110343238860837/,62
61,c2111103319400/,27
62,c219977455717865/,23
63,c2113328298553584/,8
64,c2110343238599362/,96
65,c2110343238336898/,16
66,c2110343238861024/,59
67,c2111103317164/,178
68,c2111103317123/,17
69,c2110366582795717/,26
70,c2113333689020640/,84
71,c2113786360065529/,26
72,c2111138091986853/,62
73,c2111103317277/,66
74,c2110343238861592/,76
75,c2111103316920/,58
76,c2111103317109/,122
77,c2110050009576172/,93
78,c2111103319262/,56
79,c2110343238598788/,46
80,c2120032677494348/,149
81,c2110343238599108/,14
82,c2114391923454549/,68
83,c2110343238599253/,218
84,c2110343238861611/,17
85,c2111103316470/,70
86,c2110343238599628/,12
87,c2110343238599597/,35
88,c2110343239123309/,139
89,c2111103831602/,131
90,c2110343238599627/,33
91,c2110343238860981/,27
92,c2113671375057880/,130
93,c2110343238861405/,33
94,c2110343238337382/,5
95,c2110343238337230/,11
96,c2120022561661171/,48
97,c219687662865865/,284
98,c2111103319027/,14
99,c2113333506569111/,34
100,c2110343238861213/,19
101,c2111103318536/,6
102,c2111103318009/,13
103,c2113328662147633/,26
104,c2111103317803/,95
105,c2110343238599623/,29
106,c2111103318061/,32
107,c2111103319461/,44
108,c2111103831816/,8
109,c2110343238598672/,29
110,c2110343238860949/,42
111,c2111103317308/,89
112,c2111103318712/,41
113,c2111103317198/,90
114,c219997694021025/,6
115,c2112964534693315/,87
116,c2110343238861038/,64
117,c2111103316595/,26
118,c2110343238336922/,9
119,c2110343238860857/,111
120,c2111103316575/,27
121,c2110002133168720/,34
122,c2111103318105/,19
123,c2111103318994/,8
124,c2111103317964/,55
125,c2111103317039/,6
126,c2111103317020/,17
127,c2110343238599432/,51
128,c2111103317778/,21
129,c2110343238599013/,23
130,c2117749525672372/,59
131,c2110343238860900/,59
132,c2110343238861226/,56
133,c2111103316828/,9
134,c2111103316366/,46
135,c2110343238860950/,44
136,c2110343238598823/,56
137,c2110343238598706/,29
138,c2110343238861793/,22
139,c2110343238599440/,32
140,c2111103317368/,27
141,c2111103316586/,61
142,c2111103831805/,10
143,c2111157649240031/,39
144,c2120034965180683/,188
145,c2110049963437179/,10
146,c2111103317036/,18
147,c2110683329818631/,19
148,c2111103831480/,135
149,c2111103318667/,6
150,c2111103316916/,25
151,c2111103317421/,49
152,c219979495199704/,30
153,c2111103318393/,32
154,c2110343238861194/,4
155,c2110343238860886/,41
156,c2110343238599629/,20
157,c2110343238599358/,45
158,c2111103316600/,13
159,c2110343239123168/,64
160,c2111103316571/,15
161,c2111103316746/,21
162,c2111103318644/,11
163,c2110343238599117/,31
164,c2120033710677554/,37
165,c2120024502443365/,175
166,c2111103316646/,49
167,c2111103318387/,21
168,c2111103316813/,16
169,c2110048218607843/,38
170,c2110343238861670/,20
171,c2110343238599355/,63
172,c2110343239123192/,28
173,c2110343238861252/,1
174,c2111103316590/,26
175,c2111103318880/,10
176,c2110343238860935/,26
177,c2114443492420617/,76
178,c2111103316738/,27
179,c2110343238337358/,4
180,c2111103318150/,15
181,c2111103316722/,36
182,c2111103316464/,23
183,c2110343239123006/,155
184,c2110343238599352/,87
185,c2110343238861025/,42
186,c219999019159847/,78
187,c2111103831622/,48
188,c2111103318881/,39
189,c2113198893265564/,83
190,c2110343238337522/,17
191,c2111103317037/,54
192,c2113332985951162/,303
193,c2110343238599205/,19
194,c2111103317078/,94
195,c2110343238599272/,66
196,c2111103831494/,172
197,c2110343238336805/,34
198,c2111103316827/,17
199,c2111103318621/,37
200,c2111103316438/,18
201,c2111103316640/,37
202,c2113331461581992/,38
203,c2111103316584/,15
204,c2110343239123331/,37
205,c2111103318183/,11
206,c2111103831619/,131
207,c2110027322060254/,183
208,c2111103316799/,24
209,c2110343238599443/,16
210,c2110343238599433/,16
211,c2113328145985528/,92
212,c2111160081937289/,1
213,c2110343238599635/,17
214,c2111103318253/,99
215,c2111103318095/,4
216,c2110343238336962/,17
217,c2110343238599482/,38
218,c2110343238336866/,42
219,c2111103831572/,127
220,c2110343238861412/,27
221,c2111103317931/,37
222,c2111103318930/,3
223,c2111103316873/,16
224,c2111103316934/,13
225,c2111103319445/,24
226,c2110343238861007/,42
227,c2120032625068170/,72
228,c2110343238860880/,13
229,c2110343238860882/,6
230,c2110343238861612/,12
231,c2110343238598854/,94
232,c2110343238599630/,10
233,c2120034450199243/,27
234,c2110343238861563/,45
235,c2111103316500/,5
236,c219212120280332/,87
237,c2111103316961/,8
238,c2111103316919/,16
239,c219999623140242/,13
240,c2110343238336775/,14
241,c21000000000031/,27
242,c219979495199737/,1
243,c219164660420886/,25
244,c2111103316811/,39
245,c2111103316704/,11
246,c2110343238861810/,17
247,c2110343238599434/,18
248,c2110343238598988/,264
249,c2118063245740551/,15
250,c2110343238599463/,42
251,c2111103317500/,62
252,c2110343238336847/,30
253,c2120029136908469/,44
254,c2110343238861283/,68
255,c2111103831554/,3
256,c2110343239123053/,77
257,c2110685353045756/,147
258,c2111103316801/,24
259,c2111103318000/,12
260,c219686818237740/,97
261,c2111793062704023/,38
262,c2111103317441/,14
263,c2120021476088876/,22
264,c2111103316736/,53
265,c2110343238860919/,26
266,c2110343238860975/,37
267,c2111103831513/,93
268,c2111103316367/,21
269,c2120039852000661/,58
270,c2110343238861586/,37
271,c2111103317307/,9
272,c2111103319096/,9
273,c2111103317051/,71
274,c2111103317242/,1
275,c2110343238861241/,38
276,c2111103317632/,18
277,c2111267709612495/,13
278,c2110343238599522/,22
279,c2111789560458271/,200
280,c2113328298554211/,48
281,c2111103317120/,29
282,c219980119624908/,18
283,c2113328474713660/,112
284,c2110343238861341/,36
285,c2110343238861663/,8
286,c2111103317140/,112
287,c2111103317957/,22
288,c2110835194555960/,60
289,c2120039871805956/,2
290,c2112360075194890/,9
291,c2110343238861622/,5
292,c2111103316772/,50
293,c2110021439025104/,3
294,c2111103317600/,7
295,c2110343238336739/,34
296,c2111103318176/,7
297,c2111103831540/,21
298,c2110343238861668/,15
299,c2111103318302/,10
300,c2110343238860874/,39
301,c2111772696210866/,80
302,c2111103316659/,27
303,c2111103318454/,71
304,c2110343238861608/,9
305,c2110343238599549/,15
306,c2110343238337180/,101
307,c2111103317644/,31
308,c2111103831520/,204
309,c2111103316672/,63
310,c219097322180920/,12
311,c2111103316832/,41
312,c2111103316447/,36
313,c2111289562459264/,95
314,c2110343239122983/,29
315,c2110314782618023/,154
316,c2111103316677/,18
317,c2111103319431/,7
318,c2110343238598869/,25
319,c2111103316602/,20
320,c2110343238599039/,14
321,c2111103317121/,9
322,c2111103316508/,105
323,c2113332809265251/,58
324,c2110343238336761/,63
325,c2114897534480119/,112
326,c2120021833710734/,25
327,c2120021735141807/,42
328,c2113328474713269/,103
329,c2110343238861561/,22
330,c2111103317402/,1
331,c2111103316766/,31
332,c2111103316995/,25
333,c2110343238861410/,12
334,c2111103317998/,44
335,c2111138332372037/,25
336,c2110343238599357/,58
337,c2111103316576/,20
338,c2111103316941/,25
339,c2111103316878/,35
340,c2111103316816/,40
341,c2111103317025/,25
342,c2110343238599054/,13
343,c2110343238336867/,8
344,c2111103316744/,12
345,c2110343238599279/,11
346,c2111103317018/,47
347,c2110343238861397/,104
348,c2120034398865179/,200
349,c2110343238861500/,15
350,c2110343238599454/,44
351,c2110343238598796/,5
352,c219070930308693/,41
353,c2110044502191830/,83
354,c2110343239123004/,91
355,c2114963330790026/,108
356,c2110343238599295/,15
357,c2111103317712/,11
358,c2111103317065/,4
359,c2111103318219/,20
360,c2111103318385/,15
361,c2110343238336587/,67
362,c2110343238599366/,36
363,c2113199275994762/,3
364,c2111103316453/,7
365,c2111137626682096/,5
366,c2111103318168/,20
367,c2111103317779/,43
368,c2111103316450/,7
369,c2110343238336544/,13
370,c2111103831604/,101
371,c2111103317062/,22
372,c2111103319001/,4
373,c2112971848772645/,72
374,c2110343238598820/,18
375,c219976350519094/,51
376,c2110343239122977/,19
377,c2111268203754074/,45
378,c2110343238599466/,14
379,c2111103317684/,39
380,c2111103316429/,16
381,c2111103831696/,28
382,c2111103316839/,8
383,c2111103317158/,32
384,c2110343238599554/,81
385,c2111103316435/,12
386,c2111103318475/,14
387,c2110343238861602/,86
388,c2111103317321/,26
389,c2111103317660/,16
390,c2112970916326964/,63
391,c2110343239122980/,6
392,c2113691167716331/,155
393,c2111103318545/,3
394,c2110343238861562/,22
395,c2110343238599659/,42
396,c2111103316774/,3
397,c2111103317038/,19
398,c2113825475644632/,9
399,c2113349168624184/,145
400,c2111103318669/,20
401,c2111103316461/,11
402,c2111103317560/,19
403,c2111103318951/,16
404,c2110343238599501/,14
405,c2111103831496/,7
406,c2110110822526380/,10
407,c2111103831809/,191
408,c2111103318303/,2
409,c2113309739020877/,64
410,c2111103319070/,51
411,c2111103318878/,31
412,c2111103317513/,10
413,c2111103316814/,14
414,c2110343238599317/,36
415,c2110343238337469/,4
416,c2110343238599137/,29
417,c2110343238599650/,63
418,c2111103316582/,6
419,c2110343238599342/,44
420,c2110343238861235/,24
421,c2111160766655636/,52
422,c2113308735532131/,50
423,c2111103319385/,25
424,c2112970215091812/,36
425,c2110343238598941/,11
426,c2111103319412/,38
427,c2110343238861593/,25
428,c2111103316735/,41
429,c2110343238336527/,6
430,c2111103316698/,20
431,c2111792647467193/,31
432,c2110343238599340/,45
433,c2110790832189582/,1
434,c2110343239123308/,29
435,c2111103316863/,46
436,c219184096562740/,52
437,c2110343238599637/,51
438,c219099549879500/,22
439,c2111157419601004/,130
440,c2111103318115/,10
441,c2110045110104603/,7
442,c2111103316369/,6
443,c2111103317585/,42
444,c2111103317999/,26
445,c2111103318443/,13
446,c2111103317485/,17
447,c2111103319401/,9
448,c2111103831486/,29
449,c2111103317286/,8
450,c2110343238336956/,48
451,c2111103316685/,3
452,c2111103317345/,39
453,c2111103831708/,56
454,c2120026848137483/,26
455,c2110343239123362/,183
456,c2120039956852833/,142
457,c2110343238599653/,54
458,c2111103316928/,4
459,c2110343238860968/,22
460,c2110343238599633/,23
461,c2110180956532001/,4
462,c2111103316776/,12
463,c2111103319298/,7
464,c2110343238336937/,12
465,c2111103318935/,50
466,c2111103317324/,19
467,c2111103317134/,3
468,c2110343238337534/,46
469,c2111103318099/,23
470,c2111103317648/,100
471,c2110343238599323/,32
472,c2111103831623/,5
473,c2111103316985/,29
474,c2110133510828807/,45
475,c2111103319205/,9
476,c2110343238861408/,13
477,c2111103831612/,38
478,c2111103316850/,13
479,c2113332713844646/,170
480,c2111103831658/,29
481,c2111103831591/,21
482,c2111103318598/,19
483,c2110343238861082/,6
484,c2111103316601/,8
485,c2110343238861231/,21
486,c2111154344914487/,74
487,c219998877862930/,32
488,c2110343238599282/,7
489,c2110343238861407/,9
490,c219976591953250/,42
491,c2110434312680170/,77
492,c2111103317977/,15
493,c2110343238599442/,21
494,c2111267596366374/,9
495,c2111103831620/,50
496,c2111103317117/,23
497,c2111103831706/,158
498,c2110343238861513/,56
499,c2111103318703/,11
500,c2110343238599349/,15
501,c2111103317578/,23
502,c2111103316483/,21
503,c2111103316469/,13
504,c2110343238861704/,13
505,c2111792833328082/,29
506,c2110343238599237/,61
507,c2111103318374/,21
508,c2111103317947/,16
509,c2110343238599354/,61
510,c2111103316558/,11
511,c2110343238860986/,15
512,c2111103316981/,6
513,c2114965638180557/,51
514,c2111103316680/,9
515,c2110343238336993/,5
516,c2111103316635/,13
517,c2112879939513349/,16
518,c2110343238599235/,30
519,c2110343238336542/,25
520,c2110343238861180/,15
521,c2111103316545/,10
522,c2110343238860934/,15
523,c2111103319074/,30
524,c2111103318027/,23
525,c2110343238337372/,39
526,c2111103318172/,13
527,c2111103316938/,17
528,c2110343238598764/,74
529,c2111103316957/,44
530,c2111103318380/,2
531,c2111103316880/,14
532,c2111103317088/,25
533,c2111103316835/,6
534,c2111103831482/,62
535,c219980689265218/,85
536,c2110366888193279/,32
537,c2111103831654/,63
538,c2111103317132/,3
539,c2111103317686/,41
540,c2111103319246/,41
541,c2111103316598/,12
542,c2113198200942020/,167
543,c2110343238599606/,17
544,c2111103318313/,28
545,c2111103317891/,8
546,c2111103317680/,27
547,c2111103316754/,26
548,c2120035439509564/,0
549,c2111103831626/,23
550,c2111103316971/,7
551,c2111103317508/,15
552,c2111103317971/,7
553,c2111103317185/,20
554,c2111103831631/,106
555,c2112242853311218/,16
556,c2113333347185092/,15
557,c2111103319046/,11
558,c2110343238861211/,10
559,c2110274275602995/,85
560,c2111293733434273/,63
561,c2110343238599531/,43
562,c2111103317587/,11
563,c2110343238598776/,17
564,c2111103316507/,10
565,c2114850484351442/,120
566,c2110111187169903/,14
567,c2111103316753/,12
568,c2111103316866/,18
569,c2110161677151672/,41
570,c2110343238598721/,30
571,c2111103319247/,6
572,c2111103316463/,11
573,c2111103318927/,36
574,c2111103318132/,2
575,c2120024124710878/,9
576,c2110343238599436/,17
577,c2111103318982/,57
578,c2120031315745776/,23
579,c2111103318517/,26
580,c2110343238861284/,19
581,c2111103316465/,33
582,c2110343238336533/,8
583,c2110343238599536/,2
584,c2110343238599356/,15
585,c2110343238337427/,3
586,c2111103317643/,9
587,c2110343238599361/,23
588,c219098274812590/,54
589,c2110343238861607/,12
590,c2110343238860994/,13
591,c2110343239122978/,3
592,c2110343238861584/,5
593,c2110343238861299/,1
594,c2111103316883/,12
595,c2110343238861803/,56
596,c2120036099320042/,1
597,c2110343238861083/,12
598,c2111770585428879/,260
599,c2112241666847464/,168
600,c2111103317631/,24
601,c219097834933826/,15
602,c2110343238337450/,41
603,c2110343238861564/,18
604,c2120033650869133/,31
605,c2111103317089/,63
606,c2116684107467378/,4
607,c2111113425809541/,40
608,c2111103316954/,8
609,c2111103316820/,2
610,c2120030513375642/,43
611,c2111103316427/,6
612,c2110343238599634/,37
613,c2113349626850729/,75
614,c2111103318108/,54
615,c2113668346245868/,60
616,c2111103317399/,2
617,c2111103317230/,9
618,c2113805110703084/,45
619,c2113825682190200/,20
620,c2110343238861733/,8
621,c2113327450254535/,20
622,c2111103316645/,9
623,c2110343238337458/,11
624,c2110343238861379/,74
625,c2111772354900785/,90
626,c2111103316669/,19
627,c2110002450100718/,128
628,c2120042065868410/,35
629,c2110343239123014/,149
630,c2110343238861530/,3
631,c219069292172251/,30
632,c2110343238337360/,4
633,c2110343238599364/,38
634,c219074796932970/,33
635,c2111103318315/,23
636,c2111103316942/,4
637,c2111103831544/,12
638,c2110343238860894/,167
639,c2111103317618/,20
640,c2111103316943/,12
641,c2111103831588/,25
642,c2110021802094696/,21
643,c2111103316630/,48
644,c2111103317240/,10
645,c2111103319392/,12
646,c2112876654849447/,88
647,c2111103318979/,1
648,c2111103317271/,0
649,c2111103318520/,17
650,c2111103317233/,10
651,c2111103831649/,26
652,c2113198396240706/,76
653,c2111103319387/,31
654,c2110343238599487/,2
655,c2111103318234/,49
656,c219054830996774/,43
657,c2113689981513813/,62
658,c2111103831613/,30
659,c2111103831542/,18
660,c2110343238861342/,21
661,c2120039601238438/,6
662,c2111103318390/,53
663,c2111103316842/,52
664,c2111103316386/,17
665,c2110343239123344/,40
666,c2110343238337488/,24
667,c2111103317172/,12
668,c2111103318651/,2
669,c2113333428186971/,55
670,c2120025681327461/,29
671,c2111103317021/,17
672,c2111772972773557/,48
673,c2111103316734/,10
674,c2111103316552/,24
675,c2117903846174284/,33
676,c2111103316437/,3
677,c2110343238336808/,2
678,c219099320241949/,31
679,c2111103317938/,15
680,c2113304766935173/,50
681,c2111103317074/,4
682,c2111103316629/,3
683,c2111103318748/,20
684,c2110343238598819/,54
685,c2111103317157/,46
686,c2111103319161/,22
687,c2111103318337/,11
688,c219162127585977/,30
689,c2111103319395/,84
690,c2111103316395/,13
691,c2110343238598696/,18
692,c2110343238861585/,25
693,c2111103831666/,4
694,c2111103316605/,4
695,c2110343238336545/,5
696,c2111103317653/,5
697,c219680366087814/,79
698,c2111103316503/,7
699,c2110343238336970/,15
700,c2111103316371/,5
701,c2110343238861236/,23
702,c2111103316879/,24
703,c2110343238599425/,55
704,c2114012278934142/,33
705,c219097418910928/,18
706,c2110343238337406/,24
707,c2110343238599322/,45
708,c2113831035457500/,46
709,c2110343238860883/,6
710,c219098034163501/,18
711,c2112242341866998/,10
712,c2111103316798/,4
713,c2110343238860877/,2
714,c2110343239123141/,2
715,c2110343238599640/,16
716,c2111103316572/,32
717,c2111103318449/,24
718,c2111103319350/,10
719,c2110343238337237/,4
720,c2110343238337003/,14
721,c2111103831603/,72
722,c219621114204099/,31
723,c2110343238861591/,15
724,c2110343238337365/,42
725,c2111103316904/,7
726,c2120032206432088/,35
727,c219054568068066/,8
728,c219709533277901/,60
729,c2110343238861404/,12
730,c2111103316533/,2
731,c2110343238861655/,5
732,c2110343238861808/,29
733,c2113310614580741/,28
734,c2111103319441/,24
735,c2110772320628257/,21
736,c2111103316489/,22
737,c2114419627356895/,32
738,c2111103316924/,57
739,c2111103318762/,14
740,c2111103316881/,6
741,c219977058045032/,22
742,c2110343238599297/,4
743,c2111103317066/,4
744,c219055094451951/,50
745,c2120026768383040/,16
746,c2111103318331/,63
747,c219981721325306/,3
748,c2120021509636388/,3
749,c2110343238599614/,12
750,c219047087264760/,18
751,c2111103317291/,12
752,c2120036358442856/,1
753,c2111103316743/,7
754,c2110343238336976/,8
755,c2111103831578/,22
756,c2111103317771/,22
757,c2111103831515/,12
758,c2110343238861472/,4
759,c2110343238860878/,27
760,c2111103316377/,11
761,c2110343238861551/,29
762,c2111103316944/,17
763,c2111159137168534/,59
764,c2110343239123327/,104
765,c2110343238337438/,1
766,c2111103317400/,12
767,c2111103319421/,0
768,c2110343238599568/,4
769,c2111103831698/,14
770,c2110343238336741/,12
771,c2110343238599481/,7
772,c2111103317921/,11
773,c2113307613293874/,45
774,c2111103316581/,17
775,c2111103317906/,0
776,c2110343238336809/,13
777,c2111103317111/,5
778,c2111103319114/,21
779,c2110429413731676/,32
780,c2111103316854/,22
781,c2111103831627/,51
782,c2113355015745639/,27
783,c2111130256765652/,9
784,c2110343238599639/,22
785,c2110343238599339/,47
786,c2111290053193934/,5
787,c2111103316911/,4
788,c2111103316910/,20
789,c2110343238598891/,14
790,c2110343238599114/,10
791,c2111103831695/,30
792,c2111103316803/,32
793,c2111103316945/,8
794,c2111103316937/,21
795,c2111103318827/,8
796,c2110343238599476/,12
797,c2113309157846936/,16
798,c2110343238599678/,42
799,c2111103318106/,26
800,c2111103316532/,16
801,c2111103317437/,2
802,c2111103831655/,138
803,c219071549231457/,36
804,c2110343238598815/,14
805,c2110048389525799/,52
806,c2110343238861199/,1
807,c2111103317756/,4
808,c2111103319408/,81
809,c2111103318996/,0
810,c2111103317374/,37
811,c2110343238337374/,46
812,c2111103319144/,10
813,c2120030673757850/,23
814,c219979174073323/,12
815,c2111103317806/,24
816,c2111103317099/,6
817,c2110343239123115/,4
818,c2110343238861815/,21
819,c2111103831624/,8
820,c2120040988786997/,3
821,c219227962429032/,14
822,c2111103316901/,9
823,c2110050448928217/,30
824,c2110343238861417/,5
825,c2114897959940532/,12
826,c2110343238336918/,19
827,c2110343238336840/,22
828,c2111696244273460/,13
829,c2111103316716/,7
830,c2111294287867902/,5
831,c2111103317464/,2
832,c2110343238337221/,13
833,c2110343238599115/,14
834,c2114396968939454/,17
835,c219161404853425/,31
836,c2111103318026/,3
837,c2111103831558/,2
838,c2110343238336879/,27
839,c2111103316381/,12
840,c2111103831642/,37
841,c2110113551707361/,107
842,c2110343238861667/,8
843,c2113333811179206/,43
844,c2113334256300573/,98
845,c2111103831630/,69
846,c2111103317591/,14
847,c2111103317001/,17
848,c2110343238598867/,22
849,c219979174073305/,18
850,c2111103317983/,19
851,c2111103318088/,13
852,c2111103317377/,44
853,c2111103318819/,10
854,c2113447503818609/,8
855,c2110343238337056/,14
856,c2111103319000/,3
857,c2111103317197/,8
858,c2110343238598874/,15
859,c2110343239123189/,37
860,c219687838503321/,69
861,c2110343238336876/,15
862,c2110343239123055/,20
863,c2110343238861255/,1
864,c2110343238860889/,10
865,c219686972904086/,74
866,c2111103317719/,6
867,c2110343238337239/,48
868,c219680366087436/,21
869,c2110343238336628/,12
870,c2110744959610777/,9
871,c2111103831701/,47
872,c2111771768222706/,18
873,c2111103317450/,10
874,c2111103831607/,111
875,c2111103316707/,29
876,c2111103831713/,63
877,c2110049265086923/,31
878,c2111103316412/,24
879,c2110343238599360/,23
880,c2111103316514/,59
881,c2111103316560/,10
882,c2111273810227655/,1
883,c2111103318343/,10
884,c2110022709375472/,38
885,c2111103318261/,3
886,c2111103316392/,14
887,c2110343238336899/,9
888,c2111103317107/,26
889,c2113691167715794/,139
890,c2110343238598982/,41
891,c2111103318413/,32
892,c2110343238599363/,5
893,c2110343238599098/,23
894,c2111103831590/,21
895,c2110343238860927/,7
896,c2113354415436287/,59
897,c2113308585848873/,53
898,c2111103316694/,5
899,c2111103317503/,11
900,c2111103316909/,8
901,c2111103316784/,11
902,c2114121287823686/,70
903,c2120032733101688/,50
904,c2111103318882/,1
905,c2110343238599370/,4
906,c2110343239123054/,17
907,c2110343238860807/,4
908,c2110343238598985/,38
909,c2111103316674/,17
910,c2111103317206/,23
911,c2110343238861537/,6
912,c2111103318539/,17
913,c2110343238598783/,49
914,c2111103318356/,32
915,c2111103317209/,0
916,c2111103316638/,16
917,c2110343239123048/,9
918,c2110343238861531/,10
919,c219998401548133/,4
920,c2120041287715405/,0
921,c2111103318020/,4
922,c2111103316720/,11
923,c219975592398811/,45
924,c2111103317683/,16
925,c2120022747329433/,106
926,c2111103319279/,16
927,c2111103317091/,7
928,c2110343238861209/,3
929,c219160875061096/,40
930,c2111103831640/,11
931,c2111103318824/,20
932,c2110790544355865/,5
933,c2110343238337416/,51
934,c2111103831702/,3
935,c2111293744442797/,83
936,c2110343238599189/,4
937,c2110343239123044/,21
938,c2111103831621/,24
939,c2111103318720/,2
940,c2111294949781106/,21
941,c2113328090411583/,42
942,c2111103316805/,5
943,c2110162054377048/,112
944,c2110046873021441/,62
945,c2110343238599384/,16
946,c2111103831641/,11
947,c2112967200436619/,28
948,c2111103316631/,0
949,c2111103319030/,13
950,c2111103319330/,5
951,c2110343238337051/,19
952,c2111103318029/,4
953,c2112247186289381/,1
954,c2111103316800/,1
955,c2111103318877/,2
956,c2111103316767/,7
957,c2110343238599569/,4
958,c2111103831525/,43
959,c2115869482904653/,23
960,c2113854652509310/,107
961,c2110343238598974/,37
962,c2110343238336541/,10
963,c2111103831495/,18
964,c2120035066921307/,1
965,c2111067091071358/,90
966,c2110343238599419/,23
967,c2111138091986462/,20
968,c2111103318654/,19
969,c2111103317064/,7
970,c2111103316522/,7
971,c2111103316567/,15
972,c2111103318365/,3
973,c219680087166209/,50
974,c2111103317075/,9
975,c2111103316619/,28
976,c2111103316442/,6
977,c2111103319309/,32
978,c2111103317772/,3
979,c2110343238861625/,22
980,c2111103318868/,2
981,c2111103317809/,20
982,c219709086846641/,4
983,c2111103317142/,1
984,c2111103831720/,78
985,c219977058045078/,54
986,c2111103317264/,22
987,c2111103316933/,18
988,c2111103318853/,22
989,c2110111597161818/,0
990,c2111103831761/,2
991,c2110343238599113/,19
992,c2111103318122/,3
993,c2110343238860990/,27
994,c2111103317008/,25
995,c2111103318746/,0
996,c2111103318978/,11
997,c2110343239123238/,0
998,c2110343238599570/,12
999,c2113988684640701/,5
1000,c2111103316922/,4
1001,c2111103318825/,9
1002,c2110343238599392/,17
1003,c2111103831784/,16
1004,c2114375473130816/,25
1005,c2113333184394102/,51
1006,c2111103318472/,2
1007,c2111160383138849/,25
1008,c219162127585783/,5
1009,c2111103316775/,8
1010,c2110343238337513/,37
1011,c2111103316726/,5
1012,c2111103318885/,16
1013,c2112879567532818/,141
1014,c2111103317793/,31
1015,c2111103316796/,9
1016,c2111103318965/,6
1017,c2110343238861614/,19
1018,c2113328298554362/,45
1019,c2111103316727/,35
1020,c2114142328310183/,31
1021,c2111103316471/,28
1022,c2111103319308/,43
1023,c2114416717295788/,6
1024,c2110343238599031/,31
1025,c2111103318499/,4
1026,c2111103318974/,3
1027,c2111103317673/,7
1028,c2111103318765/,6
1029,c2111103316498/,16
1030,c2120030184812260/,91
1031,c2111103316802/,25
1032,c2120030513375645/,64
1033,c2111103318620/,13
1034,c2111103318582/,3
1035,c2111103318522/,2
1036,c2111103317499/,3
1037,c2111103316583/,7
1038,c2111103318295/,28
1039,c2110343238599341/,42
1040,c2111103317506/,15
1041,c2111379154103977/,12
1042,c2111788729462759/,7
1043,c2111103316501/,6
1044,c2113199369843561/,45
1045,c2110343239123184/,25
1046,c2111103316671/,2
1047,c2111103319455/,12
1048,c2120033024644492/,31
1049,c2110343238337356/,14
1050,c2111103316973/,13
1051,c2111103831782/,45
1052,c2111103317353/,23
1053,c2111792523473008/,65
1054,c2111103316399/,14
1055,c2111103831663/,36
1056,c2110343238598962/,16
1057,c2111103318091/,2
1058,c2110343238598664/,9
1059,c2111103317611/,26
1060,c2110343238336737/,24
1061,c219998507716584/,10
1062,c2110343239123036/,16
1063,c2111103318889/,2
1064,c2110343238598816/,6
1065,c2111103318519/,2
1066,c219687409111910/,10
1067,c2111103316527/,3
1068,c2111103319116/,6
1069,c2111103317382/,6
1070,c2110343238598665/,1
1071,c2110343238337355/,15
1072,c2110184807164932/,78
1073,c2113304593395172/,55
1074,c2110429470355631/,28
1075,c2110343238599069/,11
1076,c2113349333249541/,31
1077,c2120037641110202/,1
1078,c2111103316851/,14
1079,c2111103316868/,8
1080,c2111103316991/,11
1081,c219685916200560/,6
1082,c2111103316641/,6
1083,c2111103316895/,4
1084,c2111103317755/,40
1085,c2120035602060839/,1
1086,c2111103316952/,2
1087,c2111103316724/,1
1088,c2114397291900821/,35
1089,c2112966773927877/,2
1090,c2110343238861210/,2
1091,c2111103319111/,16
1092,c2113328886279695/,5
1093,c2110343238599638/,12
1094,c2110343238861166/,3
1095,c2111103318991/,6
1096,c2111103318002/,5
1097,c2111103317153/,31
1098,c2110343238336535/,14
1099,c2111103316877/,57
1100,c219161663066551/,3
1101,c2111103318684/,3
1102,c2111103318085/,7
1103,c2110615246564825/,16
1104,c2114642038212628/,50
1105,c2111103317138/,14
1106,c2111103316666/,29
1107,c2111103318961/,7
1108,c2111103318420/,9
1109,c2111103318141/,35
1110,c2111103318964/,11
1111,c2110112966340887/,7
1112,c2110343238337442/,1
1113,c2114552268549525/,66
1114,c2111103317554/,4
1115,c2110343238337335/,25
1116,c2111103316923/,20
1117,c2111103316647/,19
1118,c2110343238337429/,6
1119,c2111103318693/,24
1120,c2110343238599533/,9
1121,c2110343238861684/,23
1122,c219817187429644/,28
1123,c2110839470911422/,21
1124,c2111791850550068/,81
1125,c2120035276607073/,2
1126,c2111103317406/,0
1127,c2110745446936955/,1
1128,c2120027628562313/,10
1129,c2111103316403/,5
1130,c2110343238861188/,4
1131,c2111103316370/,13
1132,c2111103319331/,15
1133,c2116929039068822/,17
1134,c2111103317788/,8
1135,c2110343238337385/,14
1136,c2111103831753/,15
1137,c2113326888742266/,13
1138,c2110343238336991/,29
1139,c2110343238861288/,49
1140,c2110343238598834/,17
1141,c2110343238861193/,1
1142,c2110343238599585/,22
1143,c2111103316446/,6
1144,c2111103831824/,41
1145,c2110343238599583/,31
1146,c2111103316541/,14
1147,c2110343238599424/,21
1148,c2111103319322/,12
1149,c2112969509662969/,38
1150,c2110343238337511/,34
1151,c2110343238861214/,13
1152,c2114943423072556/,28
1153,c2111103317645/,31
1154,c2111103316599/,9
1155,c2113329472959108/,18
1156,c2111103316460/,10
1157,c2111103316566/,2
1158,c2111103316654/,5
1159,c2111103318535/,9
1160,c2110343238861053/,8
1161,c2120022287908194/,38
1162,c2111103317227/,9
1163,c2120021180278893/,16
1164,c2111103831570/,11
1165,c2111103318166/,12
1166,c219687137791430/,17
1167,c2111103831551/,8
1168,c2110343238336610/,6
1169,c2110343238861224/,2
1170,c2111103318775/,12
1171,c2110343238599437/,10
1172,c2110343238336534/,22
1173,c2110343239123127/,54
1174,c2118067531532607/,0
1175,c2111103317902/,41
1176,c2120031340900683/,2
1177,c2111103317017/,3
1178,c2111103319158/,1
1179,c2110343238337068/,21
1180,c2111103831737/,11
1181,c2110343238861275/,8
1182,c2111103316741/,0
1183,c2110343238861365/,2
1184,c2114558617701413/,47
1185,c2111103316621/,10
1186,c2111103831543/,3
1187,c2111103316817/,16
1188,c2111103316374/,18
1189,c2110343238599400/,16
1190,c2111103316779/,10
1191,c2111103831575/,38
1192,c2110343238598703/,26
1193,c2110836287697171/,5
1194,c2111103316457/,10
1195,c2112971159596923/,15
1196,c2110343238861035/,5
1197,c2111103831725/,17
1198,c2110343238861744/,17
1199,c2111103316750/,10
1200,c2110343238598986/,19
1201,c2111103317966/,13
1202,c2111103317061/,10
1203,c219183295188326/,20
1204,c2111103319084/,19
1205,c219162127586137/,0
1206,c2111103316884/,11
1207,c219976645956460/,19
1208,c2111103831648/,8
1209,c2113333184393729/,25
1210,c2111103318639/,2
1211,c2110343238599073/,25
1212,c2120034041241463/,26
1213,c2110343238336817/,2
1214,c2110343238599485/,9
1215,c219161219519092/,11
1216,c2111103317033/,9
1217,c2110343238598678/,6
1218,c219977455718017/,7
1219,c2110343238336823/,2
1220,c2110002450101201/,23
1221,c2110343238599571/,7
1222,c2110343238337376/,5
1223,c2111103318163/,6
1224,c2110343238861536/,17
1225,c2110343238861702/,11
1226,c2120033382320785/,3
1227,c2111103318970/,1
1228,c2120031676637305/,1
1229,c2111103831770/,15
1230,c2116520956882379/,29
1231,c2111103318616/,7
1232,c2111103831747/,4
1233,c2111103317186/,1
1234,c2111103318694/,7
1235,c2111067839491607/,34
1236,c2111103319250/,2
1237,c2111103316499/,20
1238,c2111103316838/,20
1239,c2111103316864/,7
1240,c2111103318599/,17
1241,c2120036058360291/,10
1242,c219981721324873/,35
1243,c2111103316701/,28
1244,c2111103316849/,45
1245,c2111103316715/,1
1246,c2111103317635/,16
1247,c2111103319249/,4
1248,c2113331819409514/,16
1249,c2111103317449/,13
1250,c2111103317003/,22
1251,c2110343238861093/,36
1252,c2111103317024/,2
1253,c2111103831651/,42
1254,c2120041014012647/,2
1255,c2111103318060/,2
1256,c219681758859886/,19
1257,c2111103318906/,1
1258,c2111103318588/,20
1259,c2110343238599263/,32
1260,c2110343238861351/,9
1261,c2110343238861042/,61
1262,c2110113186802937/,7
1263,c2111103316988/,14
1264,c2110343238861027/,9
1265,c2113308735532311/,44
1266,c2113327766138855/,31
1267,c2111103317219/,8
1268,c2110343238861674/,35
1269,c2111103317976/,53
1270,c2111103319204/,12
1271,c2113329441763251/,73
1272,c2111103317815/,6
1273,c2111103317820/,11
1274,c2111103831647/,50
1275,c2113327668621007/,64
1276,c2110343238599296/,0
1277,c2120037550873793/,58
1278,c2111103831653/,28
1279,c2111103318652/,3
1280,c2111103319100/,4
1281,c2111103317243/,34
1282,c2111103316826/,6
1283,c2110343238599345/,24
1284,c2120031421693402/,1
1285,c2110343238861617/,15
1286,c2114963330790082/,62
1287,c2110343238861528/,7
1288,c2120024474064493/,7
1289,c2111103317655/,2
1290,c2120025712779603/,16
1291,c2120022760966007/,79
1292,c2110343238861098/,7
1293,c2111103831643/,30
1294,c2110343238861792/,18
1295,c2114824499874616/,7
1296,c2111103317087/,8
1297,c2111103316951/,10
1298,c2111103317086/,3
1299,c2111103317805/,27
1300,c2111103317608/,2
1301,c219998507716304/,38
1302,c2110343238337428/,11
1303,c2111103318912/,17
1304,c2111103316721/,6
1305,c2110343238598875/,41
1306,c2110343238861490/,3
1307,c219680366087361/,42
1308,c2110343239123057/,11
1309,c2120032627165648/,29
1310,c2114552801487888/,24
1311,c219161643142179/,56
1312,c2111103317126/,68
1313,c2120023853020981/,25
1314,c2111103318812/,10
1315,c2110343238860937/,9
1316,c2111160014564358/,14
1317,c2111103317148/,3
1318,c2113349168624337/,23
1319,c2110343238336815/,15
1320,c2111103317181/,9
1321,c2111103318822/,6
1322,c2110047740457038/,16
1323,c2111103316846/,8
1324,c2111103316761/,1
1325,c2111103316745/,6
1326,c2111103317695/,16
1327,c2111103317032/,4
1328,c2110343238861287/,6
1329,c2111103317521/,6
1330,c2114377698472424/,11
1331,c2110343238861555/,15
1332,c2111103317552/,7
1333,c2114935143231867/,33
1334,c2111103318992/,1
1335,c2110343238598932/,8
1336,c2111103318079/,19
1337,c2116934036321087/,17
1338,c2111103317609/,28
1339,c2111103831628/,50
1340,c2110343238599249/,23
1341,c2113333874093599/,8
1342,c2111103317908/,16
1343,c2111103831800/,1
1344,c2111103317830/,8
1345,c2111103319235/,1
1346,c2111103316755/,26
1347,c2110343238861153/,2
1348,c2111273672600944/,111
1349,c2111103316413/,5
1350,c2117768200285855/,19
1351,c2111103831766/,1
1352,c2110343238599516/,1
1353,c2111103316382/,16
1354,c2110343238336529/,14
1355,c2111103318987/,2
1356,c2111103316459/,5
1357,c2110343238336819/,4
1358,c2111103831576/,33
1359,c2111103318925/,5
1360,c2111103831740/,29
1361,c2111103319169/,3
1362,c2111103318518/,16
1363,c2113331537867196/,59
1364,c2120036841898235/,5
1365,c2110343238861063/,12
1366,c2111103319418/,3
1367,c2111103316975/,6
1368,c2110343238599559/,11
1369,c2110343238599377/,46
1370,c2110343238861306/,5
1371,c2120032900858320/,4
1372,c2111103317253/,0
1373,c2111062711169740/,1
1374,c2111103317639/,6
1375,c219097910432748/,16
1376,c2113328145984993/,68
1377,c219050850602101/,16
1378,c2111103316778/,22
1379,c219048416334745/,13
1380,c2111103318490/,20
1381,c2111103317647/,10
1382,c2111103317913/,6
1383,c2111103318344/,8
1384,c219161404853500/,5
1385,c2110343238598871/,9
1386,c2111103319338/,5
1387,c2110343238861029/,1
1388,c2110343238599560/,12
1389,c2111103318634/,40
1390,c2111103318865/,4
1391,c2110343238861195/,3
1392,c2111103317872/,7
1393,c2111103317467/,20
1394,c2110343238860940/,35
1395,c2111137626682031/,75
1396,c2111103317289/,10
1397,c2111103316393/,13
1398,c2111103317818/,7
1399,c219070930308947/,18
1400,c2111103317623/,9
1401,c2111103318309/,5
1402,c2111103319444/,40
1403,c2120022969706590/,22
1404,c2111103319403/,41
1405,c2111103316516/,7
1406,c2110343238599663/,26
1407,c2111103316764/,7
1408,c2110113359819441/,2
1409,c2110111832567775/,4
1410,c2111103316539/,12
1411,c2111103319416/,1
1412,c2111103316687/,3
1413,c2111103318658/,24
1414,c2110343238861177/,24
1415,c2111103318286/,5
1416,c2110343238336902/,7
1417,c2110112830811276/,13
1418,c2110343238861409/,11
1419,c2111103831775/,14
1420,c2120039303435963/,27
1421,c2111103317517/,30
1422,c2111103316513/,10
1423,c2110343238599631/,16
1424,c2111103316678/,4
1425,c2110343238336636/,15
1426,c219846993465110/,1
1427,c2110343239123328/,6
1428,c2111103318766/,4
1429,c2110343238861230/,15
1430,c2111103316915/,2
1431,c2111295183875583/,16
1432,c219997624292136/,22
1433,c2111266488283891/,2
1434,c2111103317773/,5
1435,c2113333689020759/,12
1436,c2111103318854/,8
1437,c2111103317768/,22
1438,c2111103317194/,3
1439,c2111905678192124/,20
1440,c2110156667843344/,58
1441,c2110955363462206/,2
1442,c2111103316950/,10
1443,c2111792647467552/,48
1444,c2110003020262574/,32
1445,c2111103317862/,13
1446,c2111103318378/,18
1447,c2111103317386/,20
1448,c2110044830920611/,1
1449,c2111103317875/,7
1450,c2120021287232650/,1
1451,c2110343238599438/,11
1452,c2110343238599563/,6
1453,c2111103831581/,53
1454,c2111103831516/,69
1455,c2111103318739/,7
1456,c2120034357920375/,5
1457,c2111288365249272/,14
1458,c2111103316663/,21
1459,c2111103831582/,39
1460,c2111103317537/,3
1461,c2111103316368/,11
1462,c2118202091074135/,43
1463,c2114375824142318/,2
1464,c2110343238599070/,3
1465,c2111103317895/,8
1466,c2110002988806379/,4
1467,c2111103318391/,2
1468,c2111103831699/,11
1469,c2111103318335/,8
1470,c2111103317069/,5
1471,c2111103831555/,10
1472,c2110111727185319/,45
1473,c2111103317156/,1
1474,c2111103317027/,1
1475,c2110343238599393/,8
1476,c2111103318730/,1
1477,c219163772537986/,3
1478,c219166921413372/,3
1479,c2110343239123113/,14
1480,c219981721324877/,11
1481,c219054884999553/,48
1482,c2111103317482/,2
1483,c2111103317301/,1
1484,c2114126684319446/,14
1485,c2120036338486697/,10
1486,c2111103317821/,2
1487,c2111103318632/,4
1488,c2110343238861548/,45
1489,c2111103316992/,6
1490,c2111103317690/,20
1491,c2110025247190429/,10
1492,c2120036137977601/,4
1493,c2111103316488/,3
1494,c2113287864152083/,10
1495,c2111103318171/,11
1496,c2111288925711852/,7
1497,c2111103316588/,10
1498,c2111103318466/,6
1499,c2113199546264916/,17
1500,c2111787599098541/,27
1501,c2111103317678/,7
1502,c219159799483927/,66
1503,c2111103318435/,11
1504,c2111103318052/,0
1505,c2111103318884/,6
1506,c2113331158544323/,43
1507,c2111103831769/,8
1508,c2111103831589/,58
1509,c2111103317786/,26
1510,c2113329441762568/,58
1511,c2111103316415/,5
1512,c219075359232543/,43
1513,c2111103318128/,24
1514,c2110113359818762/,20
1515,c2111103317842/,7
1516,c219998263661264/,17
1517,c2111103319393/,11
1518,c2111103316639/,10
1519,c2110343239123264/,30
1520,c2111103831528/,55
1521,c2110343238336818/,11
1522,c2111103318407/,1
1523,c2111103316702/,7
1524,c2110343239123133/,14
1525,c2113199275994557/,63
1526,c2111103316667/,4
1527,c2111103318045/,8
1528,c2120037259284406/,20
1529,c2111103318392/,2
1530,c2111103317540/,8
1531,c2110343238337179/,4
1532,c2110343238598821/,25
1533,c2114620202904825/,27
1534,c219053931844151/,2
1535,c2111103319172/,2
1536,c2110343238337447/,5
1537,c2111103831757/,20
1538,c2111103316856/,11
1539,c2111741892981610/,7
1540,c2110113186802700/,22
1541,c2111103316808/,7
1542,c2111103317045/,4
1543,c219687159025682/,4
1544,c2111103318306/,3
1545,c2111294743475003/,11
1546,c2110044625399596/,17
1547,c2114619375841864/,0
1548,c2110343239123217/,5
1549,c2110343239122979/,11
1550,c2110343238861597/,11
1551,c2111103316531/,18
1552,c2116860787519423/,129
1553,c2111103318428/,14
1554,c2110343238599416/,17
1555,c219096044229469/,1
1556,c2110790316289308/,3
1557,c2113537586197181/,1
1558,c219162127585387/,40
1559,c2120026461991789/,1
1560,c2120036141121820/,5
1561,c2111103317969/,15
1562,c2111103317851/,5
1563,c2113644933115698/,61
1564,c2111103316907/,2
1565,c2111103318910/,5
1566,c2120031337758877/,10
1567,c2111103316467/,7
1568,c2111289533624718/,6
1569,c2110343238861347/,3
1570,c2111103316912/,6
1571,c2111103317379/,13
1572,c2111103831733/,18
1573,c2111103316918/,9
1574,c2110343238861100/,8
1575,c2111103317741/,9
1576,c2111103316815/,17
1577,c2110343238336813/,7
1578,c2111294077889605/,10
1579,c21000000001156/,0
1580,c2111103317213/,3
1581,c2111103316554/,5
1582,c2111103318005/,1
1583,c2120025735853455/,16
1584,c2111103317569/,4
1585,c2110343238337498/,14
1586,c2110343238337480/,7
1587,c2110048011776214/,8
1588,c219999019159612/,44
1589,c2111103317501/,4
1590,c2111103318326/,13
1591,c2111103318713/,3
1592,c2111103831484/,57
1593,c2120036613289171/,0
1594,c2111103316940/,1
1595,c2111103319271/,12
1596,c2111103318293/,0
1597,c2111103316479/,3
1598,c2110343238599478/,9
1599,c2111103319170/,11
1600,c2111103831514/,76
1601,c2113327850024102/,49
1602,c2111103318249/,1
1603,c2111103318907/,35
1604,c2111103318617/,7
1605,c2111103319109/,2
1606,c2120036098264825/,1
1607,c2111103831727/,28
1608,c219997050982453/,11
1609,c2111103831707/,21
1610,c2111103317689/,4
1611,c2111159127470439/,22
1612,c2111251092566111/,1
1613,c2110343238861170/,3
1614,c2111103317630/,8
1615,c2111103319248/,4
1616,c2110112976301541/,11
1617,c2111770918350282/,43
1618,c219979439361247/,9
1619,c2110112976302035/,1
1620,c2111103318121/,4
1621,c2111103316535/,7
1622,c2111103317465/,13
1623,c2110343238337397/,86
1624,c2111103317440/,1
1625,c2120036107643154/,3
1626,c219977455718018/,13
1627,c2110343238336523/,0
1628,c2110113186803499/,18
1629,c2110343238861198/,1
1630,c2114914031988767/,3
1631,c2111103318030/,7
1632,c2111248136629810/,2
1633,c2110343238861527/,5
1634,c2111103317864/,3
1635,c219687409111346/,6
1636,c2111103318541/,2
1637,c2111103317170/,6
1638,c2111766432017589/,10
1639,c2111103316391/,9
1640,c2120033382272731/,24
1641,c2120031803602654/,8
1642,c2111103316810/,6
1643,c2113327812276966/,24
1644,c219999216554553/,19
1645,c2110343239123042/,2
1646,c2111103831636/,29
1647,c2120033062350400/,20
1648,c2111103317758/,6
1649,c219167259577752/,101
1650,c2111103317974/,1
1651,c2111103316968/,7
1652,c219980119624999/,17
1653,c2110343238860925/,12
1654,c2111103316505/,6
1655,c2111103317010/,1
1656,c2113920731695284/,4
1657,c2111103317444/,13
1658,c2111103318094/,1
1659,c2111103317473/,11
1660,c2111103317335/,3
1661,c2111103316882/,31
1662,c219999692607195/,32
1663,c2111103317475/,18
1664,c219092125961363/,0
1665,c2110343238861481/,0
1666,c2111103831657/,13
1667,c2111103317787/,7
1668,c2110343238336706/,6
1669,c2110050373168276/,4
1670,c2111103317367/,20
1671,c2111103317598/,0
1672,c2111103318823/,4
1673,c2111103318033/,1
1674,c2111103318086/,5
1675,c2110343238599480/,9
1676,c2111103317737/,18
1677,c2110343239123171/,4
1678,c2110772320627978/,7
1679,c2110343238599404/,3
1680,c2110343238336963/,14
1681,c2111103831614/,2
1682,c219098778915162/,47
1683,c2111103317388/,7
1684,c2111103317011/,8
1685,c219981870485526/,27
1686,c2110343239123222/,14
1687,c219054830997042/,18
1688,c2111103317338/,12
1689,c2110343238861533/,7
1690,c2111950142270774/,35
1691,c219052033134278/,25
1692,c2110178066657094/,33
1693,c2111103316773/,4
1694,c2111103831726/,13
1695,c2111103316474/,1
1696,c2111103316569/,23
1697,c2120031035678795/,24
1698,c2111899784934133/,11
1699,c2111103317535/,0
1700,c2111103317411/,3
1701,c2111103316897/,8
1702,c2120030196333974/,21
1703,c2120036360553134/,8
1704,c2111103317984/,4
1705,c2111103316728/,0
1706,c2120021531661082/,56
1707,c2111103316857/,3
1708,c2111103316783/,2
1709,c2113199116874324/,24
1710,c219664041856272/,13
1711,c2111103316401/,14
1712,c2111103317556/,3
1713,c2111103317522/,14
1714,c2111103317455/,10
1715,c2110343238598814/,12
1716,c2120041488079983/,3
1717,c2111103316616/,12
1718,c219055094451411/,36
1719,c2110343238861184/,6
1720,c2111103319356/,1
1721,c2111103316876/,2
1722,c2111103317896/,4
1723,c2110343238861526/,2
1724,c2110343238860915/,1
1725,c2113332287861234/,4
1726,c2111103831692/,65
1727,c2120022693813125/,43
1728,c219976201098150/,11
1729,c2111103317334/,4
1730,c219097457971262/,25
1731,c219954533846425/,19
1732,c2111103317548/,8
1733,c2111103318546/,5
1734,c2110343238599025/,13
1735,c219163839385851/,5
1736,c2111103317825/,5
1737,c2111103317549/,10
1738,c2110048093564349/,28
1739,c2111103318670/,14
1740,c2110343238860820/,10
1741,c219982005226625/,27
1742,c2111103831594/,15
1743,c2111103319183/,12
1744,c2110343238861636/,4
1745,c2114966095121749/,4
1746,c2111103318092/,6
1747,c2111103317365/,8
1748,c2111103317691/,18
1749,c2111103831741/,4
1750,c2111103318479/,2
1751,c2111103317867/,4
1752,c2120033987518197/,65
1753,c2111160934953316/,6
1754,c2114239059947398/,23
1755,c2111103317940/,7
1756,c2111103316705/,2
1757,c2111103318195/,9
1758,c2120021007264339/,4
1759,c2110366836028003/,0
1760,c2110046704725218/,8
1761,c2114597312515302/,50
1762,c2111103317461/,18
1763,c2111103317726/,7
1764,c219794041162800/,5
1765,c2111103316983/,18
1766,c2110343238336546/,8
1767,c2111161748123534/,26
1768,c2110343238598812/,22
1769,c2111103831638/,14
1770,c2120036683548886/,1
1771,c2110343239122954/,19
1772,c2111103316396/,10
1773,c2120023619042050/,2
1774,c2111408623546387/,3
1775,c2111103319368/,2
1776,c219977110999819/,12
1777,c2111103317915/,20
1778,c2111103831645/,8
1779,c2110343238861741/,6
1780,c2110343238337421/,7
1781,c219094110129267/,18
1782,c219975969623058/,28
1783,c2111103317731/,7
1784,c2111103318675/,2
1785,c2120035786612723/,18
1786,c2120039247858234/,0
1787,c219073755172521/,7
1788,c2110179895373213/,0
1789,c2111103831788/,9
1790,c2111157649239136/,39
1791,c2111103317144/,8
1792,c2111103317023/,5
1793,c2113304663913401/,42
1794,c2111103319277/,11
1795,c2111103318174/,5
1796,c2113333190683662/,1
1797,c2110746798288860/,25
1798,c2117949611035077/,19
1799,c2111103317096/,9
1800,c2111103317434/,44
1801,c2110343238861413/,16
1802,c2114443733616658/,4
1803,c2110343238336548/,25
1804,c2111103317832/,10
1805,c2110343238861809/,13
1806,c2111161919565231/,5
1807,c2111103316497/,7
1808,c2110343238599154/,15
1809,c2111103317834/,3
1810,c2111103317118/,6
1811,c2120030200538281/,18
1812,c2111092306440541/,15
1813,c2110343238599346/,37
1814,c2120025361506403/,23
1815,c2111103831511/,28
1816,c2111103317792/,2
1817,c2111103318173/,1
1818,c2111103317767/,8
1819,c2116658182975029/,62
1820,c2110343238599626/,23
1821,c2110343238861028/,0
1822,c2111103316886/,11
1823,c2114396767897882/,3
1824,c2111103318347/,2
1825,c2110502810643817/,1
1826,c219092902433426/,42
1827,c2110343238599462/,21
1828,c2110343238336994/,9
1829,c2111317723542367/,6
1830,c2111103317491/,4
1831,c2111103317542/,15
1832,c2111103831732/,15
1833,c2111103317228/,20
1834,c2110343238598881/,5
1835,c2111103319220/,1
1836,c2111103319301/,10
1837,c2110343238861705/,1
1838,c2111103316422/,5
1839,c219068981792626/,8
1840,c2111103831585/,26
1841,c2111103318696/,2
1842,c2110343239123426/,40
1843,c2111103319007/,29
1844,c2111103319092/,10
1845,c2110343238599618/,19
1846,c2120023502644532/,6
1847,c2111103317425/,17
1848,c2110049062449668/,10
1849,c2111103318185/,1
1850,c2110343239123303/,6
1851,c219979439361162/,20
1852,c2111103318192/,7
1853,c2111103317006/,19
1854,c2111103316419/,3
1855,c2111611734291214/,1
1856,c2111103319270/,1
1857,c2110343238599004/,8
1858,c2111103317705/,6
1859,c219093045824791/,2
1860,c2110343238599298/,1
1861,c2111103319188/,9
1862,c2111103317221/,11
1863,c2110790182335255/,6
1864,c2110343238860833/,18
1865,c2111103316548/,3
1866,c2110343238861739/,9
1867,c2110343238861208/,2
1868,c219159659762529/,5
1869,c219046429019587/,23
1870,c2110133561945209/,48
1871,c2111103318845/,11
1872,c2111103831694/,70
1873,c2111103831618/,57
1874,c2111103318975/,1
1875,c2113922941546721/,69
1876,c2110343238336845/,5
1877,c2111103318116/,5
1878,c2110343238860936/,3
1879,c2111103317019/,7
1880,c2120033086526103/,62
1881,c2111103318207/,10
1882,c2111103316714/,2
1883,c2111103319257/,46
1884,c2110343239123342/,26
1885,c2120039824589899/,9
1886,c2111103318395/,2
1887,c2111103317866/,12
1888,c2110343238336973/,21
1889,c2110343238336874/,0
1890,c2111103317146/,6
1891,c2111103318931/,0
1892,c219099062291911/,1
1893,c2110343238336856/,2
1894,c2111103317935/,24
1895,c2120035826555335/,1
1896,c2110343238860851/,4
1897,c2111103831765/,1
1898,c2111103317876/,5
1899,c2111103317050/,1
1900,c2111103317072/,5
1901,c2110343238599486/,4
1902,c2111103318304/,17
1903,c2111103316452/,0
1904,c2113288944710604/,9
1905,c2110343238336522/,2
1906,c2110343238860892/,9
1907,c2113326372581923/,52
1908,c2111103831587/,9
1909,c2111103319323/,5
1910,c2111103318271/,4
1911,c2110343238598813/,8
1912,c2111103317856/,4
1913,c2111103316955/,1
1914,c2111103318549/,11
1915,c2111384068255017/,45
1916,c2111103317347/,6
1917,c2113537790667970/,13
1918,c2110343238860961/,5
1919,c2111103318523/,0
1920,c2111103316440/,3
1921,c2110343238599344/,54
1922,c2110343238599667/,5
1923,c2110343238599420/,17
1924,c2110343238598870/,2
1925,c2111103316480/,4
1926,c2111103318920/,2
1927,c2110112491598054/,4
1928,c2114458738741186/,24
1929,c2110343238861253/,1
1930,c2111103318369/,1
1931,c2110343238861535/,7
1932,c2110343239123101/,4
1933,c2111294949780685/,13
1934,c2114602336241766/,9
1935,c2113786049687502/,13
1936,c2110343238599254/,6
1937,c2111103319394/,5
1938,c2110343238599040/,5
1939,c2110343238861117/,1
1940,c2111103318860/,5
1941,c2111103317943/,0
1942,c2110343239123013/,3
1943,c2111103318139/,12
1944,c2111103319376/,14
1945,c2110343238860834/,18
1946,c2111103319440/,2
1947,c2111103318180/,11
1948,c2120031347192904/,7
1949,c2111103316807/,4
1950,c2120030677952087/,12
1951,c2111103316819/,2
1952,c2120039346426372/,3
1953,c2110343238598939/,7
1954,c2111103318977/,0
1955,c2113332494954710/,12
1956,c2120028055495327/,0
1957,c219159659762222/,0
1958,c2111103318782/,1
1959,c2111103317398/,13
1960,c2110161052462210/,49
1961,c2111103317058/,13
1962,c2111103318569/,1
1963,c2110343238861008/,21
1964,c2111103318463/,3
1965,c2120035779269793/,9
1966,c2111103319164/,3
1967,c2120023678862335/,15
1968,c2120030007599729/,15
1969,c2111103316596/,11
1970,c2110133269392540/,8
1971,c219166606840529/,46
1972,c219863342861564/,20
1973,c219069961949050/,0
1974,c2113332878994641/,43
1975,c2111103319447/,3
1976,c2111103318749/,17
1977,c2111860782362843/,0
1978,c2110343238861665/,1
1979,c2120035973485027/,1
1980,c2111103831550/,0
1981,c2111103318110/,15
1982,c2111103318187/,14
1983,c2111103317040/,10
1984,c2111103316742/,1
1985,c2111248319869777/,5
1986,c2120036353213746/,5
1987,c2111103316658/,0
1988,c219686572346980/,1
1989,c2111103831534/,1
1990,c2120021559995604/,29
1991,c2110343238861201/,0
1992,c2111103317127/,12
1993,c2111103319224/,3
1994,c2111103318431/,1
1995,c2113331461582327/,8
1996,c2111103318867/,11
1997,c2111103317426/,5
1998,c2120026569997609/,5
1999,c2111103319263/,12
2000,c2110343238598895/,18
2001,c2111103319318/,3
2002,c2111103317739/,3
2003,c2110343238860922/,19
2004,c2110343238599099/,0
2005,c2110343238598896/,1
2006,c2111103317839/,5
2007,c2111103831489/,0
2008,c2110343238599441/,16
2009,c2111103318196/,9
2010,c2111103316893/,8
2011,c2110343238336877/,5
2012,c2111251382497427/,1
2013,c2111103316980/,4
2014,c2111103316917/,4
2015,c219997050982626/,9
2016,c2111103316644/,3
2017,c2111103831704/,29
2018,c2111103831818/,0
2019,c2110343238599461/,41
2020,c2120036128673520/,0
2021,c2110343238336517/,2
2022,c2120038898502505/,0
2023,c2111103317780/,12
2024,c2113306379644724/,6
2025,c2110044830919934/,12
2026,c219998338633862/,13
2027,c2111103317456/,11
2028,c2111103319245/,1
2029,c2111103318761/,5
2030,c2111103831700/,21
2031,c2111266434544417/,31
2032,c2120037550873866/,14
2033,c2110343238860978/,9
2034,c2111103318752/,6
2035,c2113310064079217/,3
2036,c2110343238336765/,9
2037,c2111103318137/,0
2038,c2111103319236/,5
2039,c2111103319211/,20
2040,c2111103317951/,33
2041,c2111103318876/,9
2042,c2111103319047/,13
2043,c2113328886279766/,6
2044,c2111103317251/,2
2045,c2110343239123321/,35
2046,c2111103317981/,1
2047,c219710092432289/,5
2048,c2110343238337423/,9
2049,c2114256612323758/,52
2050,c2110025247190529/,7
2051,c2111103831599/,1
2052,c2112972148929243/,2
2053,c2110343238599021/,4
2054,c2111103317222/,1
2055,c2111103317304/,2
2056,c2110343238861414/,7
2057,c219070447176962/,22
2058,c2111103317652/,2
2059,c2113327773479569/,7
2060,c219710516056459/,3
2061,c2110343238599610/,3
2062,c2120026572099335/,0
2063,c219092682755208/,36
2064,c2111294949780564/,8
2065,c2111103317060/,4
2066,c2111103319176/,3
2067,c2111103316615/,3
2068,c2111243409126058/,5
2069,c2110343238861777/,6
2070,c2114849890355406/,0
2071,c2111103319321/,0
2072,c2111103317934/,11
2073,c2111103317955/,14
2074,c2110343238860801/,3
2075,c2111103318170/,0
2076,c2110343238861683/,2
2077,c2111899579935996/,3
2078,c2120041689416261/,1
2079,c2120035853820160/,4
2080,c2111103317284/,15
2081,c2111103318202/,10
2082,c219161643142729/,22
2083,c2111103316999/,6
2084,c2120031775329550/,0
2085,c219863299347070/,0
2086,c2111103318123/,5
2087,c2111103318458/,3
2088,c2111103316542/,8
2089,c2114551143713399/,0
2090,c2111103319036/,2
2091,c2111103318967/,4
2092,c2111103316662/,6
2093,c2110343238599216/,26
2094,c2111103317349/,11
2095,c2111103317869/,2
2096,c2113175949111344/,0
2097,c2120024331408335/,21
2098,c2111103317359/,4
2099,c219069564276100/,0
2100,c219097834933897/,0
2101,c219710593912312/,14
2102,c2111103317363/,3
2103,c2111770588049269/,4
2104,c2120029258741060/,36
2105,c2110343238599473/,2
2106,c2110343238599520/,47
2107,c219052110728503/,6
2108,c2120032983698928/,12
2109,c2111103317917/,20
2110,c2112969381998241/,71
2111,c2110343238599612/,15
2112,c2111103316593/,1
2113,c219980063264800/,1
2114,c2110343239123267/,28
2115,c2111103316785/,7
2116,c2111103317747/,2
2117,c2110343238599359/,23
2118,c2110343238598966/,0
2119,c2110343238860924/,7
2120,c2111103317063/,0
2121,c2111103319106/,4
2122,c2111103317614/,7
2123,c2111103317330/,0
2124,c2111103316614/,4
2125,c2111103319357/,5
2126,c2111103317749/,33
2127,c2111103317415/,11
2128,c2110343238861164/,2
2129,c2111103318941/,4
2130,c2110343238336853/,7
2131,c2111103318666/,0
2132,c2110343238599636/,50
2133,c2111103317557/,19
2134,c2110343239123230/,6
2135,c2111103316812/,8
2136,c2111103318561/,8
2137,c219710334652638/,14
2138,c2120034496402056/,18
2139,c2111103316781/,1
2140,c2111103831501/,28
2141,c219635231444282/,13
2142,c2110343238861411/,5
2143,c2110819115692726/,43
2144,c2113199546264887/,15
2145,c2111103318039/,0
2146,c2120038139192741/,1
2147,c2111610594226164/,1
2148,c2111103831715/,6
2149,c2120035630364041/,13
2150,c2110343238599112/,7
2151,c2111103317217/,3
2152,c2111103831783/,5
2153,c2111103831633/,18
2154,c2111103318008/,7
2155,c2110343238337451/,18
2156,c2111103831718/,1
2157,c2110343238598760/,8
2158,c2115531053452904/,9
2159,c2110343239123406/,0
2160,c2120041792173848/,0
2161,c2114392830733594/,15
2162,c219997050982627/,18
2163,c2111103319129/,3
2164,c2120032813830408/,8
2165,c2110343239123330/,52
2166,c2113309739020526/,7
2167,c2111103318821/,2
2168,c2110343238861203/,1
2169,c219075039679253/,8
2170,c2120038812543511/,0
2171,c2110047777157910/,4
2172,c2111103317580/,4
2173,c2111103319259/,0
2174,c219052628726043/,8
2175,c2111862693915704/,0
2176,c2111293097472647/,29
2177,c2112969537711307/,40
2178,c2111103831580/,24
2179,c2111103316809/,1
2180,c2120032803341819/,11
2181,c2111103319291/,0
2182,c2113327668620293/,42
2183,c2110343239123265/,1
2184,c2120032325063795/,26
2185,c2111103316837/,3
2186,c219710078274689/,8
2187,c2114914619190590/,4
2188,c2120034590713804/,11
2189,c2111103318169/,5
2190,c2111103318960/,0
2191,c2111103831752/,4
2192,c2110316646985489/,3
2193,c2116389880449663/,11
2194,c2120035645114512/,3
2195,c219979439361241/,35
2196,c2110343238337296/,2
2197,c2111103318228/,6
2198,c2113328662147950/,12
2199,c2111103318786/,3
2200,c2111103318278/,4
2201,c2111103319202/,1
2202,c2110343238861262/,9
2203,c2111103316565/,3
2204,c2111567771430667/,3
2205,c2114416343739618/,42
2206,c2115526086084998/,2
2207,c2120039672534439/,1
2208,c2110500325782439/,1
2209,c2111103319113/,3
2210,c2111103316608/,8
2211,c2111103319300/,2
2212,c2111103831535/,1
2213,c2111103318451/,2
2214,c2120030845825769/,22
2215,c2110343238336987/,21
2216,c2120039449188726/,16
2217,c2111103316585/,4
2218,c2111103318274/,2
2219,c2120033692863966/,0
2220,c2111103318516/,7
2221,c2120035506657001/,2
2222,c219093497761045/,40
2223,c2110343238337390/,4
2224,c2111103318587/,6
2225,c2120026458851572/,7
2226,c2111103316624/,7
2227,c2111103317881/,10
2228,c2111103317195/,1
2229,c2111103318262/,4
2230,c2120021457209430/,0
2231,c2120024707989154/,8
2232,c2110498252483612/,6
2233,c2113332559704953/,13
2234,c218887858114838/,4
2235,c2111103316867/,9
2236,c2111103831762/,20
2237,c2111103317229/,11
2238,c2111103318126/,1
2239,c2120037938883105/,0
2240,c2111103316493/,7
2241,c219997508948167/,10
2242,c2110110541508051/,1
2243,c2110343238598746/,0
2244,c2111103316408/,4
2245,c2111103319081/,0
2246,c2120021905013799/,11
2247,c2111103318496/,3
2248,c2112970808062307/,12
2249,c2111103319383/,2
2250,c2120036262884510/,31
2251,c2111103319272/,5
2252,c2111103317738/,17
2253,c219162408341838/,15
2254,c2111103831754/,22
2255,c2120035095200212/,6
2256,c2110343238861477/,1
2257,c2113305595834249/,7
2258,c2111103831546/,1
2259,c219710446325449/,10
2260,c2111103317294/,1
2261,c2110343238861629/,2
2262,c2110343238861080/,15
2263,c2120039804669040/,10
2264,c2120031035679458/,32
2265,c2111103316686/,8
2266,c2120026444168226/,10
2267,c2110343238337439/,2
2268,c2110343238598865/,8
2269,c2120022180949645/,0
2270,c2120026811379145/,2
2271,c2111103317893/,0
2272,c2113310614581232/,65
2273,c2111103317538/,3
2274,c2111103319369/,1
2275,c2111103317980/,7
2276,c2113349333249655/,3
2277,c2120027624289403/,0
2278,c2120036052128170/,1
2279,c2111103317302/,11
2280,c2113334641128331/,6
2281,c2111103319388/,11
2282,c2110343238861532/,5
2283,c2111103317110/,4
2284,c2111103318771/,5
2285,c2111103319320/,2
2286,c2120031701827033/,0
2287,c2111103831573/,5
2288,c219687838503465/,5
2289,c2111158893112965/,9
2290,c2111103317466/,2
2291,c2111103318699/,0
2292,c2120034628590842/,3
2293,c2110502619541435/,0
2294,c2110366735626037/,17
2295,c2120024486643094/,2
2296,c2111103319426/,5
2297,c2111103316620/,6
2298,c2111103317797/,16
2299,c219997978448548/,4
2300,c219997050983168/,7
2301,c2111103317729/,7
2302,c2111103316613/,4
2303,c2111103319434/,2
2304,c2120040736089930/,0
2305,c2120036451398392/,5
2306,c2120020597237613/,15
2307,c2111103316825/,5
2308,c2120033033023707/,2
2309,c2111103319182/,15
2310,c2111103317841/,0
2311,c2111103316710/,7
2312,c2111103317622/,9
2313,c2111103317299/,6
2314,c2111103831808/,8
2315,c2111103317029/,2
2316,c2111103318760/,3
2317,c2110343239122956/,12
2318,c2110343238599334/,4
2319,c2111103317173/,10
2320,c2113310852869150/,7
2321,c2111103317666/,4
2322,c2111103317516/,3
2323,c2111103317203/,7
2324,c2120031443691510/,3
2325,c2111103316551/,4
2326,c2111103317885/,6
2327,c2110343238336977/,4
2328,c2111103318841/,1
2329,c2110343238861776/,5
2330,c2111103317952/,7
2331,c2120024853808969/,2
2332,c2111103318427/,4
2333,c2114441900444498/,36
2334,c2120034607635444/,5
2335,c2111103317180/,4
2336,c2111103318944/,0
2337,c2111103316555/,10
2338,c2113311030866734/,20
2339,c2111103318327/,7
2340,c2111103317662/,1
2341,c2120022895217144/,13
2342,c2111103317576/,0
2343,c2111103316473/,7
2344,c2114601111481590/,0
2345,c2111103317234/,1
2346,c2110343238861524/,11
2347,c2110343238861285/,14
2348,c2114256038751692/,2
2349,c2113447503817801/,2
2350,c2111103319091/,3
2351,c219687875988914/,1
2352,c2110343238861568/,20
2353,c2114419022350979/,1
2354,c2110343238861384/,0
2355,c2120036109804289/,0
2356,c219977455717573/,6
2357,c2110343238337449/,6
2358,c2111103317080/,19
2359,c2111103831517/,11
2360,c219160783835845/,0
2361,c2110048465809792/,12
2362,c2120036936256258/,1
2363,c2110343239122952/,10
2364,c2112991643790697/,4
2365,c2110343238599385/,9
2366,c2110343238336777/,3
2367,c2120024986010157/,1
2368,c2110343238337357/,3
2369,c2111294077890300/,6
2370,c2111103318336/,8
2371,c2120028514972561/,2
2372,c2111103319313/,4
2373,c2111103319181/,2
2374,c219781877943626/,13
2375,c2111103831792/,4
2376,c2110343238598822/,7
2377,c2111103318792/,1
2378,c2111103831823/,0
2379,c2112965636223112/,12
2380,c2111103318567/,3
2381,c2120021476087910/,23
2382,c2110926316597753/,6
2383,c2110025067622178/,2
2384,c2110343238861534/,10
2385,c2111103316902/,8
2386,c2111612943823150/,7
2387,c2111103831717/,5
2388,c2110343238861190/,4
2389,c2111103317223/,11
2390,c2120026417955320/,7
2391,c2111103318446/,5
2392,c2116950586519110/,15
2393,c2113827238800599/,30
2394,c2113329472958550/,7
2395,c2111103319292/,7
2396,c2110343238599474/,1
2397,c2111103317405/,28
2398,c2113809963512732/,33
2399,c2110343238861566/,53
2400,c2111103318849/,3
2401,c2120022894172196/,0
2402,c2111103831759/,17
2403,c2111103317147/,3
2404,c2120037053730210/,1
2405,c2110343238861522/,9
2406,c2110022184563167/,4
2407,c2111290315862976/,2
2408,c219161663066555/,9
2409,c2120036116097128/,0
2410,c2120036004948970/,0
2411,c2111103318527/,2
2412,c2111103318416/,23
2413,c2111950432202628/,7
2414,c2111103316506/,9
2415,c2111138367763154/,15
2416,c2120032326103287/,16
2417,c2120031698678238/,0
2418,c2110343238860923/,10
2419,c2110343239123056/,14
2420,c2111103831714/,40
2421,c2111791786323131/,24
2422,c2111103317212/,15
2423,c2120037185823166/,1
2424,c2110138119057745/,7
2425,c2111103317135/,1
2426,c2113308735532505/,5
2427,c2111773091524201/,29
2428,c2111103317225/,2
2429,c2120038715001743/,47
2430,c2120042164413187/,1
2431,c2111248493408681/,5
2432,c2111103319429/,2
2433,c219167507567438/,8
2434,c2111103317309/,7
2435,c2111786584599590/,2
2436,c2120026442075782/,1
2437,c2111103316547/,1
2438,c2111103318450/,1
2439,c2110817537322332/,19
2440,c2111103316529/,1
2441,c2111103317285/,3
2442,c2111103317114/,3
2443,c2120030674805864/,14
2444,c2111103317650/,2
2445,c2111103831677/,1
2446,c2111103316740/,2
2447,c2111103317868/,5
2448,c2120036604903386/,4
2449,c2120036128671838/,0
2450,c2111294949780639/,5
2451,c2111103319402/,18
2452,c2110343238599484/,17
2453,c2110343238336543/,28
2454,c2111103319256/,0
2455,c2111857284838066/,2
2456,c2111103319127/,13
2457,c2111103319025/,3
2458,c219184290812198/,1
2459,c2111103316875/,7
2460,c2111138367762534/,1
2461,c2111103831504/,8
2462,c2120031344053520/,4
2463,c2110343238861185/,0
2464,c2111103317665/,1
2465,c2111591563358216/,13
2466,c2111103319286/,3
2467,c2120039799406902/,2
2468,c2111103318562/,8
2469,c2111103317357/,10
2470,c2111103831675/,1
2471,c2113332878994693/,10
2472,c2111159857540440/,4
2473,c2117659694975468/,4
2474,c2111103318260/,4
2475,c2111103318206/,0
2476,c2110343238336685/,3
2477,c2120035979776700/,2
2478,c2113198298459543/,5
2479,c2111103318467/,2
2480,c2111103316610/,7
2481,c2111103317344/,4
2482,c2111103317246/,1
2483,c219160983065122/,3
2484,c2111103831771/,0
2485,c2120030673752555/,18
2486,c2110343238599591/,2
2487,c2111103319044/,2
2488,c2113215826456029/,12
2489,c2111103316372/,8
2490,c2110343238861512/,2
2491,c2120037435504826/,4
2492,c2111103316443/,3
2493,c2120040155044122/,4
2494,c2120040230571258/,1
2495,c2111103318492/,3
2496,c2120035772038994/,2
2497,c2111103316492/,11
2498,c2114444602624774/,17
2499,c2120032978453100/,52
2500,c2111103317529/,6
2501,c2111103318969/,1
2502,c2110343238861174/,0
2503,c2110343238337226/,4
2504,c2111103317391/,5
2505,c2115526353996895/,1
2506,c219687605719703/,17
2507,c2110343238861525/,11
2508,c2111103831721/,5
2509,c2120036102220648/,2
2510,c2114443050994079/,42
2511,c2110115670880346/,43
2512,c2120039172379640/,2
2513,c2111103318388/,6
2514,c2110343239123283/,35
2515,c2114462056934463/,20
2516,c2111103317929/,2
2517,c2116934058625188/,4
2518,c2110496810954829/,9
2519,c2120039854104338/,1
2520,c2111103317843/,1
2521,c2110139788914371/,4
2522,c2111103316996/,7
2523,c2110271314947360/,4
2524,c2111103316518/,5
2525,c2111103316688/,2
2526,c2111103318194/,3
2527,c2120032977407485/,3
2528,c2113333506568773/,9
2529,c2120028232803254/,3
2530,c2110343238336768/,3
2531,c2110110541508424/,3
2532,c2120023042059853/,0
2533,c2110343239123010/,12
2534,c2110343238861416/,6
2535,c2111103316618/,33
2536,c2111103316689/,0
2537,c2110045328206989/,3
2538,c2111103318418/,18
2539,c2112670981910072/,6
2540,c2111103316870/,3
2541,c2111103317566/,7
2542,c2111294743475179/,26
2543,c2110343238861697/,4
2544,c2111267844877551/,1
2545,c2110343238599024/,2
2546,c2116049769844533/,2
2547,c2110343238861155/,1
2548,c2111103317822/,6
2549,c2110343238861036/,0
2550,c2111103318221/,5
2551,c2113198637411672/,8
2552,c2120039395721486/,0
2553,c2120020877207154/,51
2554,c2112970916327082/,6
2555,c2111103317775/,4
2556,c219975642731261/,27
2557,c2120050601882341/,0
2558,c2120051025558725/,0
2559,c21000000005262/,0
2560,c2120051357043294/,0
2561,c2120051354844374/,1
2562,c21000000005039/,1
2563,c2120043574197349/,1
2564,c21000000002186/,0
2565,c2120028397546741/,0
2566,c2120035671345320/,0
2567,c2120043652854790/,0
2568,c2120049537323109/,0
2569,c2120033529229459/,0
2570,c2120033142084597/,0
2571,c2120050090052793/,0
2572,c2120051785964006/,0
2573,c2120043628735818/,0
2574,c2120043412624977/,0
2575,c2120043627673855/,1
2576,c2120052335488347/,0
2577,c2120053618047472/,0
2578,c21000000004393/,0
2579,c2120043348722727/,0
2580,c2120044556939634/,0
2581,c2120053873882244/,0
2582,c2120033607873467/,0
2583,c2120043478748663/,0
2584,c2120031395467395/,0
2585,c21000000006459/,0
2586,c21000000004285/,0
2587,c2120032168705406/,0
2588,c21000000003744/,0
2589,c21000000006071/,1
2590,c21000000001639/,0
2591,c2120055858082807/,0
2592,c21000000005955/,0
2593,c2120052632261359/,0
2594,c2120050497994473/,0
2595,c2120031355589408/,0
2596,c2120051658008806/,0
2597,c2120044508676073/,1
2598,c2120053521579495/,0
2599,c2120038992022682/,0
2600,c2120043604601868/,0
2601,c2120039676836891/,0
2602,c21000000000943/,0
2603,c21000000005361/,0
2604,c21000000005211/,0
2605,c21000000007100/,0
2606,c2120032069984668/,0
2607,c21000000003911/,0
2608,c21000000004311/,0
2609,c2120055402962146/,0
2611,c21000000005827/,1
2612,c21000000005587/,0
2613,c2120034706179773/,0
2622,c21000000005885/,0
2623,c21000000005909/,0
2624,c21000000006039/,0
2625,c21000000006037/,1
2626,c21000000005916/,0
2627,c2120047560374638/,0
2628,c21000000003345/,0
2629,c2120053438548288/,0
2630,c2120050249455381/,0
2631,c2120053596002035/,0
2632,c2120037559259459/,0
2633,c21000000004518/,0
2634,c2120033086526315/,0
2635,c2120043657049829/,0
2644,c2120055530878690/,0
2645,c2120052356454381/,0
2646,c21000000005435/,0
2647,c21000000007147/,0
2655,c21000000007076/,1
2656,c21000000005920/,0
2657,c21000000007040/,0
2660,c2120041216415334/,0
2661,c21000000003844/,0
2662,c2120031542297483/,0
2663,c2120055934623043/,0
2664,c21000000006003/,0
2665,c2120050898677955/,0
2666,c2120052485460937/,0
2667,c2120049319236907/,0
2668,c21000000007309/,0
2669,c21000000003627/,0
2670,c21000000004972/,0
2671,c21000000005398/,1
2672,c2120043377029865/,0
2673,c2120051627621666/,0
2674,c2120056640324578/,0
2675,c2120031302110423/,0
2676,c21000000000539/,0
2677,c2120027471188711/,0
2678,c2120053868648747/,1
2679,c21000000006840/,1
2680,c21000000007477/,0
2681,c21000000007481/,0
2682,c21000000007131/,0
2683,c21000000007502/,0
2684,c21000000005902/,0
2685,c21000000005799/,0
2686,c2120043502854038/,0
2687,c21000000004064/,0
2688,c2120035782484441/,0
2689,c2120046498131780/,0
2690,c2120042675241529/,1
2691,c2120055201632383/,0
2692,c2120051274180287/,0
2693,c21000000000321/,0
2694,c2120044837857990/,0
2695,c21000000008175/,0
2696,c2120045970559246/,0
2697,c2120050973132215/,0
2698,c21000000005707/,1
2701,c2120041288768874/,0
2702,c2120049563601053/,0
2703,c21000000006922/,0
2704,c21000000004971/,0
2705,c21000000008098/,1
2706,c2120053362184381/,0
2707,c2120049389513102/,0
2708,c21000000007160/,1
2709,c2120055324295638/,0
2710,c21000000005041/,0
2711,c2120054947767748/,0
2712,c2120034614957745/,0
2713,c2120043598331668/,0
2714,c2120043599357532/,0
2715,c21000000008867/,0
2716,c21000000008744/,0
2717,c21000000007013/,0
2718,c21000000000504/,1
2719,c2120035040716461/,0
2720,c2120035861157986/,0
2721,c2120043302481394/,0
2722,c2120049817405057/,0
2723,c21000000004651/,1
2724,c2120050871381713/,0
2725,c2120031315742751/,1
2726,c21000000005515/,0
2727,c2120043651799585/,0
2728,c2120045140036473/,0
2730,c2120049487007791/,1
2731,c2120041437659090/,0
2732,c2120042846139641/,0
2734,c2120035424825474/,0
2735,c2120052360675572/,0
2736,c21000000006103/,0
2737,c2120043581549737/,0
2740,c21000000005612/,0
2741,c2120052307146220/,0
2742,c21000000005636/,1
2743,c2120043305608397/,0
2744,c2120051428378813/,1
2745,c2120043654944959/,0
2746,c21000000008199/,1
2747,c21000000006821/,1
2748,c21000000009579/,0
2749,c21000000007198/,0
2750,c21000000009616/,0
2751,c21000000007390/,0
2752,c2120043596224036/,0
2753,c2120055327472024/,1
2754,c2120052716223260/,1
2755,c2120044271584849/,0
2756,c21000000008731/,0
2757,c2120045518623260/,0
2758,c2120044207612254/,0
2759,c21000000007031/,0
2760,c21000000009852/,0
2762,c2120041842493660/,0
2763,c21000000009857/,0
2764,c2120054274464768/,0
2765,c21000000005092/,1
2766,c21000000005698/,2
2767,c2120054675118610/,0
2768,c2120036129792397/,0
2769,c2120031729153251/,1
2770,c2120037507899916/,1
2771,c2120043699039530/,0
2772,c21000000001458/,0
2773,c21000000010122/,0
2774,c21000000008948/,0
2775,c21000000010145/,0
2776,c2120039655826150/,0
2777,c21000000010152/,0
2778,c2120047907594844/,0
2779,c21000000005153/,0
2780,c2120043319264791/,0
2781,c2120044759361403/,0
2782,c2120051985245652/,1
2783,c21000000009753/,1
2784,c21000000009025/,0
2785,c21000000004060/,1
2786,c2120043348711248/,1
2787,c21000000009799/,1
2788,c2120058168168598/,1
2790,c21000000004723/,1
2791,c2120031743836359/,0
2792,c2120055862264350/,0
2793,c2120040912245953/,0
2794,c21000000008118/,0
2795,c2120056789201033/,0
2796,c21000000007272/,1
2797,c2120036099257625/,1
2798,c21000000007919/,1
2799,c2120035070069253/,0
2800,c2120031431108669/,1
2801,c2120058822512203/,1
2802,c21000000005555/,0
2803,c2120043552189654/,0
2804,c21000000006886/,1
2805,c21000000011035/,0
2806,c2120058900107386/,1
2807,c21000000001123/,0
2808,c2120055758423732/,0
2809,c2120049896063422/,1
2810,c21000000004884/,0
2811,c21000000005911/,0
2812,c2120054776848676/,1
2813,c21000000007723/,0
2814,c2120049041340926/,1
2815,c2120054071044237/,0
2816,c2120053313943108/,2
2817,c2120055283413760/,0
2818,c2120050648024688/,1
2820,c21000000005576/,0
2821,c2120055278178840/,0
2822,c21000000011708/,1
2823,c21000000005433/,0
2824,c2120052406805835/,0
2825,c2120058900111338/,3
2826,c21000000008841/,0
2827,c21000000009083/,0
2828,c2120058310793041/,1
2829,c2120058711364625/,4
2830,c21000000006868/,0
2831,c21000000009205/,0
2832,c2120041308682912/,1
2833,c21000000011712/,1
2834,c2120047504882750/,0
2835,c2120041565666335/,1
2836,c2120036374033767/,0
2837,c21000000009566/,1
2838,c2120034051665048/,0
2839,c2120031693438978/,1
2840,c21000000008188/,1
2841,c21000000005569/,1
2842,c21000000004674/,1
2843,c2120041206990806/,1
2844,c2120043581536169/,1
2845,c21000000005659/,1
2846,c2120031470832909/,0
2847,c2120033588998791/,0
2848,c21000000004587/,2
2849,c2120052656403068/,3
2850,c21000000006871/,1
2851,c2120053471222909/,1
2852,c2120043426319585/,1
2853,c2120054822996842/,0
2854,c21000000005547/,0
2855,c2120053947291351/,1
2856,c21000000013388/,0
2857,c2120043581547579/,0
2858,c2120052712040009/,1
2859,c2120037489999744/,0
2860,c21000000005397/,10
2861,c21000000006942/,4
2862,c2120053591821495/,0
2863,c2120045465149310/,0
2864,c21000000011595/,1
2865,c21000000009598/,1
2866,c2120048864090727/,0
2867,c2120055930427816/,1
2868,c21000000010100/,0
2869,c2120051627620018/,0
2870,c2120052105828301/,2
2871,c2120044810739141/,1
2872,c2120059007065623/,6
2873,c2120033272166867/,4
2874,c2120031702877879/,0
2875,c2120033785149049/,0
2876,c2120026417955517/,0
2877,c2111103316388/,0
2878,c2120025189431047/,0
2879,c2110343238599306/,5
2880,c2111103831669/,0
2881,c2111103317154/,4
2882,c2111454505823635/,0
2883,c2117971928641083/,4
2884,c2111103319119/,6
2885,c2120030649642317/,0
2886,c2110343238861281/,16
2887,c2112903989916124/,2
2888,c2114442379644181/,4
2889,c2120033223940316/,0
2890,c2111103317432/,0
2891,c2120031745928729/,3
2892,c2111103316719/,3
2893,c2111103318722/,0
2894,c2120028179273532/,5
2895,c2111103317559/,0
2896,c2111103317568/,9
2897,c2120020976821965/,0
2898,c2110111472905679/,1
2899,c2111103318784/,4
2900,c219097910432614/,12
2901,c2115028076950110/,3
2902,c2111103318177/,0
2903,c2111293397889961/,5
2904,c2111768720010690/,0
2905,c2111103318043/,0
2906,c2120026811378014/,0
2907,c2111855427809084/,1
2908,c2111103318236/,3
2909,c2111103319133/,6
2910,c2111103318231/,2
2911,c2111103316448/,1
2912,c2111103316699/,5
2913,c2111103318647/,1
2914,c2111103317703/,0
2915,c2111103317794/,0
2916,c2111103317497/,2
2917,c2111103317679/,2
2918,c2111103316712/,9
2919,c2111103318796/,0
2920,c2111103317696/,0
2921,c2111103319065/,2
2922,c2111103317073/,4
2923,c2111103317218/,4
2924,c2111103318495/,4
2925,c2111103318915/,1
2926,c2111103316841/,1
2927,c2111103318328/,1
2928,c2111103316373/,0
2929,c219981396005149/,0
2930,c2111103318181/,2
2931,c2120027828838821/,1
2932,c2110048519023635/,0
2933,c2111103319261/,1
2934,c2111103831810/,0
2935,c2113197784134412/,1
2936,c2120028149917257/,0
2937,c2111103316725/,4
2938,c2114143845861850/,0
2939,c2111103316790/,5
2940,c2111103319208/,3
2941,c2120021376468654/,0
2942,c2111103317960/,4
2943,c2120028006214904/,0
2944,c2110685162467240/,1
2945,c2111103318548/,0
2946,c2111103317002/,10
2947,c2111103317762/,5
2948,c2111103831676/,1
2949,c2111103317478/,0
2950,c2111103318940/,2
2951,c2111103318606/,0
2952,c2111103318486/,3
2953,c2111103318864/,1
2954,c2110050292953233/,0
2955,c2120023625333379/,0
2956,c2110048737653524/,2
2957,c2111103319077/,1
2958,c2110343238861640/,0
2959,c2110343238599641/,1
2960,c2120029241953387/,0
2961,c2111103317870/,0
2962,c2111103319037/,2
2963,c2111103316795/,1
2964,c2120034114641629/,3
2965,c2111103318441/,0
2966,c2113829797875236/,2
2967,c2110343239123368/,6
2968,c2110343238599351/,1
2969,c2111103318082/,0
2970,c2110343238599616/,0
2971,c2113326888742844/,11
2972,c2111153238928588/,0
2973,c2111103317986/,3
2974,c2111103316692/,1
2975,c2110343239123444/,4
2976,c2111103318526/,0
2977,c2113763854216293/,0
2978,c2111103317097/,6
2979,c2110840310819968/,3
2980,c2111103318151/,3
2981,c2120033086526256/,0
2982,c2115524910108409/,0
2983,c219708671611505/,0
2984,c2111103318537/,2
2985,c2110343238599519/,0
2986,c2111103319221/,1
2987,c2120033734820966/,0
2988,c2111103316927/,7
2989,c2120022885762207/,0
2990,c2110026084479393/,0
2991,c2111103317892/,1
2992,c2111103318560/,11
2993,c2111103318070/,3
2994,c2111856330108176/,0
2995,c2120020596176813/,0
2996,c2110111331611194/,0
2997,c2111103319026/,3
